image_file,description
./data_wiki/1.jpg," The image depicts a modern architectural structure that resembles the Guggenheim Museum Bilbao, an iconic museum located in Bilbao, Spain. This particular building is a large, curved concrete structure with a prominent exterior facade characterized by its smooth, undulating surface. The architecture showcases geometric lines and forms that create a distinctive visual impact.

In the foreground of the image, there's a well-maintained paved area with street furniture such as benches and trash receptacles. There are also potted plants adding to the aesthetics of the area in front of the museum.

The sky is clear, suggesting that the photo was taken during the day. The overall appearance of the image is a blend of modern urban design elements and architectural features that make it instantly recognizable as a significant landmark. There are no texts or distinguishing marks within the image that provide specific information about this particular building. "
./data_wiki/10.jpg," The image appears to be a thumbnail for an image, possibly for content related to RobotCop. It features stylized text that reads ""ROBOTCOP,"" which is clearly a reference to the popular science fiction franchise known as ""Robocop."" This text is in bold, capital letters with a metallic texture that suggests a technological theme.

Below the main title, there's a smaller text that says ""THE ROBOT WARRIOR,"" which is a playful or informative tagline associated with the RobotCop character and the movie series. The overall style of the image seems to be designed for promotional or entertainment purposes, with a focus on the branding and theme suggested by the name ""RobotCop."" "
./data_wiki/11.jpg," This is a color photograph of an older man. He is wearing a fedora-style hat, a dark suit with a white shirt, and a black tie. The man has gray hair and appears to be smiling at the camera. He is wearing glasses and has a visible mustache and beard. In the background, there are indistinct objects that suggest an interior setting, but the focus is on him. There is no visible text in the image. "
